{
    "max_ira_prog": 30.0,
    "min_ira": 0.9333333333333333,
    "max_ira": 20.8,
    "alunos_mantiveram": [],
    "num_alunos": 388,
    "media_ira": 13.020740962618625,
    "alunos_melhoraram": [
        5,
        8,
        11,
        20,
        21,
        24,
        25,
        29,
        32,
        33,
        36,
        40,
        49,
        54,
        55,
        66,
        67,
        71,
        81,
        103,
        105,
        110,
        113,
        115,
        129,
        133,
        137,
        139,
        141,
        142,
        145,
        146,
        150,
        151,
        155,
        156,
        157,
        162,
        164,
        165,
        175,
        177,
        179,
        181,
        194,
        197,
        211,
        218,
        220,
        223,
        226,
        230,
        234,
        243,
        244,
        245,
        246,
        249,
        255,
        259,
        265,
        271,
        278,
        284,
        288,
        310,
        312,
        316,
        320,
        323,
        324,
        330,
        344,
        345,
        359,
        362,
        370,
        372,
        386
    ],
    "alunos_pioraram": [
        2,
        3,
        4,
        6,
        10,
        17,
        28,
        30,
        31,
        37,
        39,
        41,
        44,
        53,
        70,
        78,
        85,
        89,
        107,
        124,
        132,
        152,
        168,
        187,
        188,
        192,
        201,
        212,
        221,
        227,
        228,
        231,
        232,
        236,
        247,
        250,
        251,
        256,
        257,
        272,
        279,
        280,
        282,
        283,
        299,
        317,
        339,
        343,
        361,
        373,
        376,
        378,
        379,
        384
    ],
    "media_ira_prog": 12.27105196019231,
    "num_aluno_melhorou": 79,
    "min_ira_prog": 0.0,
    "num_aluno_piorou": 54,
    "num_aluno_manteve": 0
}